T√≠tulo,Canal,Inscritos,Dura√ß√£o,Link,Tema,Formato,Data,Visualiza√ß√µes
MAPA MENTAL DE NIETZSCHE,Alimente o C√©rebro,157000,498,https://www.youtube.com/watch?v=KHnnNOkryMg,Filosofia,Vlog,636,250777
VALE A PENA FAZER FACULDADE DE ASTRONOMIA?,Alimente o C√©rebro,157000,610,https://www.youtube.com/watch?v=cwRHEfZm718,Astronomia,Vlog,1416,159688
APRENDA A PENSAR MELHOR #1 - Por que argumentar?,Alimente o C√©rebro,157000,397,https://www.youtube.com/watch?v=jV4K-t27l0E,Filosofia,Vlog,1594,122856
MARATONA NIETZSCHE: O que √© o niilismo?,Alimente o C√©rebro,157000,431,https://www.youtube.com/watch?v=xowiTRRsQIs,Filosofia,Vlog,641,107344
INTRODU√á√ÉO √Ä L√ìGICA 1x01 ‚Äì A defini√ß√£o de argumento,Alimente o C√©rebro,157000,956,https://www.youtube.com/watch?v=u-R_dAtEP9k,Filosofia,Vlog,739,98630
PAPO CABE√áA SOBRE SOCIALISMO E COMUNISMO,Alimente o C√©rebro,157000,916,https://www.youtube.com/watch?v=3Sv8B99lpR0,Sociologia,Vlog,931,95030
O PENSAMENTO DO FIL√ìSOFO EPICURO,Alimente o C√©rebro,157000,752,https://www.youtube.com/watch?v=1qWGGhkZcB0,Filosofia,Vlog,1011,90651
"O PENSAMENTO DOS FIL√ìSOFOS SOFISTAS (Prot√°goras, G√≥rgias, etc)",Alimente o C√©rebro,157000,1387,https://www.youtube.com/watch?v=tTa8Zg5HO0M,Filosofia,Vlog,990,86612
MAIORES DESCOBERTAS DA ASTRONOMIA EM 2015,Alimente o C√©rebro,157000,744,https://www.youtube.com/watch?v=AV5PjSoNZJc,Astronomia,Vlog,1448,83435
A FILOSOFIA EM PINK FLOYD,Alimente o C√©rebro,157000,478,https://www.youtube.com/watch?v=Acc3bex1pIQ,Filosofia,Vlog,1943,80571
SABEDORIA √â PODER (com Foucault),Alimente o C√©rebro,157000,242,https://www.youtube.com/watch?v=jcd_oJ1AK7E,Filosofia,Ensaio,1956,73574
A CI√äNCIA DA VIDA FORA DA TERRA (com Carl Sagan),Alimente o C√©rebro,157000,236,https://www.youtube.com/watch?v=uwia1pBuL-Q,Astronomia,Ensaio,1952,9306
O INFERNO S√ÉO OS OUTROS (com Sartre),Alimente o C√©rebro,157000,360,https://www.youtube.com/watch?v=TgBlqr8vvRs,Filosofia,Vlog,1911,32515
A FILOSOFIA DE MATRIX (com Ren√© Descartes),Alimente o C√©rebro,157000,345,https://www.youtube.com/watch?v=0GQPfQQwLzU,Filosofia,Vlog,1905,42291
DESCOBERTO NOSSO NOVO ENDERE√áO C√ìSMICO,Alimente o C√©rebro,157000,233,https://www.youtube.com/watch?v=2QbYxgZDFGw,Astronomia,Vlog,1904,8938
A OBRA PRIMA DA MPB (com Chico Buarque),Alimente o C√©rebro,157000,339,https://www.youtube.com/watch?v=aPIeuJzo4Mk,M√∫sica,Vlog,1903,9388
COMPREENDER MAIS PARA TEMER MENOS (com Marie Curie),Alimente o C√©rebro,157000,242,https://www.youtube.com/watch?v=OctipaE6TJg,Hist√≥ria,Ensaio,1896,8282
FILMES PARA ALIMENTAR O C√âREBRO #1,Alimente o C√©rebro,157000,313,https://www.youtube.com/watch?v=8cryb4Xbp2o,Cinema,Vlog,1859,26522
O MUNDO N√ÉO √â PRETO OU BRANCO,Alimente o C√©rebro,157000,203,https://www.youtube.com/watch?v=nErnOWdvdh0,Sociologia,Vlog,1856,6071
INTERESTELAR √â O CINEMA INTELIGENTE,Alimente o C√©rebro,157000,446,https://www.youtube.com/watch?v=AiUkZXQTN1M,Cinema,Vlog,1850,10668
O que acho da Ayn Rand e da astrologia | #PergunteAoC√©rebro,Alimente o C√©rebro,157000,478,https://www.youtube.com/watch?v=OZ_8bTxYUf8,Opini√£o,Vlog,117,2605
EU DEIXEI O MUNDO ME EMBURRECER,Alimente o C√©rebro,157000,447,https://www.youtube.com/watch?v=Ix63KiiJPCQ,Opini√£o,Vlog,147,7284
ALIMENTE O C√âREBRO COM KANT,Alimente o C√©rebro,157000,816,https://www.youtube.com/watch?v=OIaJ_qH7EKQ,Filosofia,Vlog,199,6886
ALIMENTE O C√âREBRO COM PITTY (Matriz),Alimente o C√©rebro,157000,672,https://www.youtube.com/watch?v=gWScSeSUjJo,M√∫sica,Vlog,205,3244
gentili e o paradoxo da toler√¢ncia de karl popper,Alimente o C√©rebro,157000,380,https://www.youtube.com/watch?v=onc2_2nKPvw,Filosofia,Vlog,258,11727
CLUBE DO ALIMENTE O C√âREBRO,Alimente o C√©rebro,157000,331,https://www.youtube.com/watch?v=dAh4fP9jDTg,Outro,Vlog,268,1220
o que aprendi com o universo,Alimente o C√©rebro,157000,379,https://www.youtube.com/watch?v=NtcmiWppVoI,Filosofia,Vlog,274,3032
por que n√£o acredito em karma,Alimente o C√©rebro,157000,355,https://www.youtube.com/watch?v=Q2rDqmIONPA,Filosofia,Vlog,282,4594
como reencontrei minha auto-estima,Alimente o C√©rebro,157000,471,https://www.youtube.com/watch?v=urW1b60Z4GA,Opini√£o,Vlog,292,6568
MAPA MENTAL DE KARL MARX,Alimente o C√©rebro,157000,608,https://www.youtube.com/watch?v=JCWqYtxpaAA,Filosofia,Vlog,309,6440
O Mergulho da Cassini - Primeiras Imagens - Guia do Espa√ßo 23 | Bl√°bl√°logia,Bl√°Bl√°Logia,179000,707,https://www.youtube.com/watch?v=C14rK2zeQoA,Astronomia,Ensaio,961,606128
O que √© solst√≠cio e equin√≥cio? - Quer Que Desenhe 8,Bl√°Bl√°Logia,179000,341,https://www.youtube.com/watch?v=fiqAyKOmoEI,Astronomia,Draw,1181,249291
ESPECIAL DE NATAL: Criacionismo Judaico-crist√£o! - Curiosity 16 | Blablalogia,Bl√°Bl√°Logia,179000,371,https://www.youtube.com/watch?v=deElVJGIZBc,Religi√£o,Vlog,1086,242538
Caf√© com JOVEM NERD! - Caf√© Com Qu√™? 7 | Bl√°Bl√°Logia,Bl√°Bl√°Logia,179000,902,https://www.youtube.com/watch?v=6XBlVWihT68,Opini√£o,Entrevista,1037,179661
Criacionismos: Conhe√ßam o Zoroastrismo!!! - Curiosity 14 | Bl√°Bl√°Logia,Bl√°Bl√°Logia,179000,1392,https://www.youtube.com/watch?v=lCRV8c7izpg,Religi√£o,Vlog,1105,178647
#Curiosity 3 - Cientologia,Bl√°Bl√°Logia,179000,702,https://www.youtube.com/watch?v=23f2Q7zt_pE,Religi√£o,Vlog,1256,158659
Criacionismo Sum√©rio - Curiosity 12,Bl√°Bl√°Logia,179000,1153,https://www.youtube.com/watch?v=Qa83Fsg3VOY,Religi√£o,Vlog,1133,150777
Caf√© com Fil√≥sofos - Caf√© com Qu√™? 5 | Bl√°Bl√°logia,Bl√°Bl√°Logia,179000,368,https://www.youtube.com/watch?v=jrRjlqEp2lE,Opini√£o,Vlog,1069,147949
#Curiosity 1 - O Deus das Caixas (Culto a Carga),Bl√°Bl√°Logia,179000,633,https://www.youtube.com/watch?v=8v6MmInvSSY,Religi√£o,Vlog,1284,144621
Seres Mitol√≥gicos Inspirados em F√≥sseis Reais - Curiosity 15,Bl√°Bl√°Logia,179000,991,https://www.youtube.com/watch?v=jeMlS5smEig,Biologia,Vlog,1090,117640
Bl√°Bl√°Logia,Bl√°Bl√°Logia,179000,57,https://www.youtube.com/watch?v=F5H8XMBnoqQ,Outro,Outro,1285,104870
#AnotaA√≠ 1 - Mutualismo,Bl√°Bl√°Logia,179000,131,https://www.youtube.com/watch?v=7doHcgUtYEQ,Biologia,Draw,1283,35528
"#PCR 1 - Tard√≠grados: onde vivem, s√£o imortais?",Bl√°Bl√°Logia,179000,219,https://www.youtube.com/watch?v=d5ynR4RZ1Q4,Biologia,Vlog,1282,40529
#TopModels 1 - O que s√£o Modelos?,Bl√°Bl√°Logia,179000,225,https://www.youtube.com/watch?v=pM2jTmhAk_0,Outro,Vlog,1281,26385
#Garrancho 1 - Por que o milho aparece no coc√¥?,Bl√°Bl√°Logia,179000,152,https://www.youtube.com/watch?v=6L1jrfzWXDs,Biologia,Draw,1280,35079
#PorDentro 1 - Dor,Bl√°Bl√°Logia,179000,156,https://www.youtube.com/watch?v=kaxT1qa2Ju0,Biologia,Vlog,1279,25217
#QuerQueDesenhe? 1 - Peso e Massa! Entenda finalmente a diferen√ßa,Bl√°Bl√°Logia,179000,449,https://www.youtube.com/watch?v=upguBOEhq4c,F√≠sica,Draw,1277,100205
NINJAS E SAMURAIS - A Origem de Tudo 1,Bl√°Bl√°Logia,179000,528,https://www.youtube.com/watch?v=EE5MqdhMz7I,Hist√≥ria,Vlog,1276,71281
Teaser - Clube da Toalha 0,Bl√°Bl√°Logia,179000,58,https://www.youtube.com/watch?v=_gdVoeUFv5c,Outro,Vlog,1275,14908
#BoaTem√°tica 1- 25% ou 50%?,Bl√°Bl√°Logia,179000,161,https://www.youtube.com/watch?v=Y9jvm4y5FZQ,Matem√°tica,Vlog,1274,19345
BICHO DE P√â! 120segundos 45| Bl√°Bl√°Logia,Bl√°Bl√°Logia,179000,199,https://www.youtube.com/watch?v=OuLu6l_B7Kw,Biologia,Vlog,40,111068
QUE BAFO! 120segundos 44 | Bl√°Bl√°Logia,Bl√°Bl√°Logia,179000,202,https://www.youtube.com/watch?v=dv7EN1wB1v8,Biologia,Vlog,47,5161
Novos canais no Science Vlogs Brasil! | Giro SVBR,Bl√°Bl√°Logia,179000,504,https://www.youtube.com/watch?v=qGxtwMeTF4k,Outro,Vlog,48,1683
PEDRA NOS RINS! 120segundos 43 | Bl√°Bl√°Logia,Bl√°Bl√°Logia,179000,199,https://www.youtube.com/watch?v=d0ECTOfp0ME,Biologia,Vlog,54,5022
5 DICAS PARA O ENEM! 120segundos 42 | Bl√°Bl√°Logia,Bl√°Bl√°Logia,179000,288,https://www.youtube.com/watch?v=BFj_kJg8XNw,Outro,Vlog,58,3804
POR QUE OS CABELOS EMBRANQUECEM? 120segundos 41 | Bl√°Bl√°Logia,Bl√°Bl√°Logia,179000,229,https://www.youtube.com/watch?v=1bMWhyUtZzc,Biologia,Vlog,60,6486
OLHEIRAS! - 120segundos 40 | Bl√°Bl√°Logia,Bl√°Bl√°Logia,179000,178,https://www.youtube.com/watch?v=VM8GyCxzBlE,Biologia,Vlog,67,10330
BERNE! - 120segundos 39 | Bl√°Bl√°Logia,Bl√°Bl√°Logia,179000,201,https://www.youtube.com/watch?v=QU-z-_EjmDE,Biologia,Vlog,74,23540
"HIV, Psicopatas, Armas e a Sociedade | Giro de Setembro - SVBR",Bl√°Bl√°Logia,179000,323,https://www.youtube.com/watch?v=96m9VgtXmfE,Outro,Vlog,76,2057
MOLUSCOS DAS PROFUNDEZAS,Bl√°Bl√°Logia,179000,589,https://www.youtube.com/watch?v=XyiTeVMFELg,Biologia,Entrevista,85,4760
ENTENDA: BOLSONARO E STEVE BANNON!!! | Canal do Slow 62,Canal do Slow,153000,1154,https://www.youtube.com/watch?v=VUTiRx9wD34,Pol√≠tica,Vlog,431,351033
A REVOLU√á√ÉO FRANCESA! | Canal do Slow #11,Canal do Slow,153000,90,https://www.youtube.com/watch?v=GoAyIJloAhw,Hist√≥ria,Vlog,1817,213928
O PROBLEMA DA SOCIEDADE! | Canal do Slow 34,Canal do Slow,153000,161,https://www.youtube.com/watch?v=5HiiIY4XLEc,Sociologia,Vlog,1145,180174
NAPOLE√ÉO BONAPARTE | Canal do Slow #14,Canal do Slow,153000,307,https://www.youtube.com/watch?v=UtvcSXRWRao,Hist√≥ria,Vlog,1743,161699
HADDAD X BOLSONARO?! | Canal do Slow 61,Canal do Slow,153000,269,https://www.youtube.com/watch?v=78NOLEYZeTk,Pol√≠tica,Vlog,445,160252
RELIGI√ÉO! | Canal do Slow #15,Canal do Slow,153000,1127,https://www.youtube.com/watch?v=Etmngmo4tdc,Religi√£o,Vlog,1723,143837
GR√âCIA ANTIGA! 1/2 | #Canal do Slow 20,Canal do Slow,153000,122,https://www.youtube.com/watch?v=b6a9CvhAuwg,Hist√≥ria,Vlog,1546,140777
"ALEXANDRE, O GRANDE! | Canal do Slow 55",Canal do Slow,153000,3456,https://www.youtube.com/watch?v=EAhul5r1HQU,Hist√≥ria,Vlog,582,136258
A ORIGEM DOS EUROPEUS! | Canal do Slow #05,Canal do Slow,153000,903,https://www.youtube.com/watch?v=KwAKOF4xpzs,Hist√≥ria,Vlog,1875,133813
O CONSERVADORISMO! | Canal do Slow 44,Canal do Slow,153000,1013,https://www.youtube.com/watch?v=YSg2w7PHOmM,Hist√≥ria,Vlog,856,126648
"Aeroporto, √°rea vip, vinho, vikings, escoceses e trem",Canal do Slow,153000,1241,https://www.youtube.com/watch?v=zrJdMyoIPQE,Outro,Vlog,1993,12689
Um pouco de Gaita,Canal do Slow,153000,117,https://www.youtube.com/watch?v=6r7J6oIW354,Outro,Vlog,1983,5664
"INGLATERRA, O IN√çCIO | Canal do Slow #01.",Canal do Slow,153000,1056,https://www.youtube.com/watch?v=JRB3Z72VukE,Hist√≥ria,Vlog,1917,91630
Mudan√ßas no canal,Canal do Slow,153000,226,https://www.youtube.com/watch?v=bLJXOgGLAyM,Outro,Vlog,1897,4099
SOMOS 100% HUMANOS? | Canal do Slow #02,Canal do Slow,153000,334,https://www.youtube.com/watch?v=yJ5n6bRDUfk,Biologia,Vlog,1896,27762
O ILUMINISMO! | Canal do Slow #03,Canal do Slow,153000,793,https://www.youtube.com/watch?v=OBzZNHZRGIY,Hist√≥ria,Vlog,1889,111316
VIDA EXTRATERRESTRE! ESTAMOS PRONTOS? | Canal do Slow #04,Canal do Slow,153000,530,https://www.youtube.com/watch?v=MM0m__hfCjw,Astronomia,Vlog,1883,46174
EBOLA! | Canal do Slow #06,Canal do Slow,153000,971,https://www.youtube.com/watch?v=BKr-GQADoyw,Biologia,Vlog,1864,15819
HALLOWEEN! | Canal do Slow #07,Canal do Slow,153000,546,https://www.youtube.com/watch?v=_yncIeNwMlM,Hist√≥ria,Vlog,1859,18243
ESQUERDA OU DIREITA? INTOLER√ÇNCIA! | Canal do Slow #08,Canal do Slow,153000,849,https://www.youtube.com/watch?v=bSWMlMKlS0A,Pol√≠tica,Vlog,1848,88852
A MIL√çCIA VIRTUAL DO JAIR (CPMI das FakeNews) | Canal do Slow 76,Canal do Slow,153000,63,https://www.youtube.com/watch?v=I1NvV8ncX_4,Pol√≠tica,Vlog,70,74740
ZIKA NA MENTE!? (Novo estudo!) Canal do Slow 75,Canal do Slow,153000,454,https://www.youtube.com/watch?v=z4CfxEocTg8,Biologia,Vlog,101,12218
A TRETA DA AMAZ√îNIA (2019) Explicada!!! Canal do Slow 74,Canal do Slow,153000,239,https://www.youtube.com/watch?v=vI9XZjyxtEE,Pol√≠tica,Vlog,120,40573
APRENDA A SE INFORMAR NA INTERNET! | Canal do Slow 73,Canal do Slow,153000,384,https://www.youtube.com/watch?v=m3DkxzEfroU,Outro,Vlog,161,30709
VOC√ä EST√Å COMENDO PL√ÅSTICO! | Canal do Slow 72,Canal do Slow,153000,673,https://www.youtube.com/watch?v=n9-7dyU4GOE,Qu√≠mica,Vlog,191,28641
"1964, O ""OUTRO LADO""! (Resposta Brasil Paralelo - entre armas e livros) | Canal do Slow 71",Canal do Slow,153000,3719,https://www.youtube.com/watch?v=RzcLFpPDu0k,Hist√≥ria,Vlog,198,108454
O SCIENCEVLOGS E A ERA DA (DES)INFORMA√á√ÉO! | Canal do Slow,Canal do Slow,153000,348,https://www.youtube.com/watch?v=405z3epLNyk,Outro,Vlog,224,14800
O AQUECIMENTO GLOBAL E A DESIGUALDADE ECON√îMICA! | Canal do Slow 70,Canal do Slow,153000,688,https://www.youtube.com/watch?v=jK5zIvr4G8E,F√≠sica,Vlog,225,26465
O SENADO E O C√ÇNCER (AMIANTO)! Canal do Slow 69,Canal do Slow,153000,888,https://www.youtube.com/watch?v=2SHr0YO969M,Qu√≠mica,Vlog,232,28209
O HOMO LUZONENSIS! #SlowNews | Canal do Slow 68,Canal do Slow,153000,398,https://www.youtube.com/watch?v=I8un7V27CM0,Biologia,Vlog,251,26116
Transmiss√£o ao vivo: Eclipse total Lunar 27/09/2015,Ci√™ncia e Astronomia,135000,14090,https://www.youtube.com/watch?v=9VdEWKYXvFU,Astronomia,Vlog,1533,1789585
Tipos de Telesc√≥pios - Qual Comprar?,Ci√™ncia e Astronomia,135000,427,https://www.youtube.com/watch?v=pOMe-xEx6es,Astronomia,Vlog,1152,463747
Ao vivo: Eclipse Lunar 27 de julho,Ci√™ncia e Astronomia,135000,10158,https://www.youtube.com/watch?v=pFLThSOr8uM,Astronomia,Vlog,513,208073
Saiba mais sobre o Eclipse Total do dia 27 de setembro,Ci√™ncia e Astronomia,135000,219,https://www.youtube.com/watch?v=i_K11U_hQCE,Astronomia,Vlog,1558,207183
Coreia do Norte divulga fotos da Terra tiradas de seu m√≠ssil,Ci√™ncia e Astronomia,135000,135,https://www.youtube.com/watch?v=5ZEK_M53qzw,Astronomia,Vlog,937,189137
Eclipse lunar total - Transmiss√£o Ao Vivo 15/04/2014,Ci√™ncia e Astronomia,135000,18082,https://www.youtube.com/watch?v=i4eB7dsg5GA,Astronomia,Vlog,2055,169769
Transmiss√£o ao vivo: Eclipse Solar Parcial - 26 de fevereiro,Ci√™ncia e Astronomia,135000,9081,https://www.youtube.com/watch?v=lwSYxAIhKB4,Astronomia,Vlog,1024,155342
Transmiss√£o ao vivo: Eclipse Solar 20/03/2015,Ci√™ncia e Astronomia,135000,6837,https://www.youtube.com/watch?v=wtvPmA3dT7o,Astronomia,Vlog,1720,138397
Minuto da Astronomia: Ano Luz,Ci√™ncia e Astronomia,135000,112,https://www.youtube.com/watch?v=-rYB9sxB9jo,Astronomia,Ensaio,1352,127954
Transmiss√£o ao vivo: Cobertura da chegada da Sonda Juno ao planeta J√∫piter,Ci√™ncia e Astronomia,135000,6705,https://www.youtube.com/watch?v=uZ91nbqhoKk,Astronomia,Vlog,1256,115155
Saiba como adicionar cometas e asteroides ao Stellarium,Ci√™ncia e Astronomia,135000,153,https://www.youtube.com/watch?v=67wCJUCPNKw,Outro,Outro,2208,3488
Hitler ao saber que o Cometa Ison Desintegrou,Ci√™ncia e Astronomia,135000,181,https://www.youtube.com/watch?v=etxRQAymxW0,Outro,Outro,2187,4768
11¬∫ Hangout Ci√™ncia e Astronomia: Forma√ß√£o e Evolu√ß√£o Terrestre,Ci√™ncia e Astronomia,135000,4811,https://www.youtube.com/watch?v=ieb3rB1_xXY,Astronomia,Vlog,2176,365
Canal Ci√™ncia e Astronomia: 2015,Ci√™ncia e Astronomia,135000,26,https://www.youtube.com/watch?v=GgejHD3ahtU,Outro,Outro,2173,24938
Homenagem Carl Sagan,Ci√™ncia e Astronomia,135000,324,https://www.youtube.com/watch?v=4UWS6X4v5SI,Hist√≥ria,Ensaio,2170,2661
12¬∫ Hangout P√°gina Ci√™ncia e Astronomia: CERN,Ci√™ncia e Astronomia,135000,4686,https://www.youtube.com/watch?v=_TVgc03dnr0,Astronomia,Vlog,2169,1157
13¬∫ Hangout P√°gina Ci√™ncia e Astronomia: Radioexplora√ß√£o Espacial,Ci√™ncia e Astronomia,135000,1976,https://www.youtube.com/watch?v=Z_aeJxIhw3c,Astronomia,Vlog,2149,363
14¬∫ Hangout P√°gina Ci√™ncia e Astronomia: Projetos PEUE e AstroPE,Ci√™ncia e Astronomia,135000,5431,https://www.youtube.com/watch?v=-49nmaol5r8,Astronomia,Vlog,2142,329
15¬∫ Hangout P√°gina Ci√™ncia e Astronomia: A Carreira Dentro da Ci√™ncia,Ci√™ncia e Astronomia,135000,5615,https://www.youtube.com/watch?v=1JHQ3nrQNIA,Astronomia,Vlog,2135,1035
16¬∫ Hangout P√°gina Ci√™ncia e Astronomia: Not√≠cias cient√≠ficas da semana,Ci√™ncia e Astronomia,135000,3290,https://www.youtube.com/watch?v=n0mcPP6bdKc,Astronomia,Vlog,2128,491
Divulga√ß√£o Cient√≠fica e Marketing Digital | Live com a V4 Company,Ci√™ncia e Astronomia,135000,3701,https://www.youtube.com/watch?v=4csrhmcLEIw,Astronomia,Entrevista,200,977
Marcos Pontes de volta para a Esta√ß√£o Espacial Internacional?,Ci√™ncia e Astronomia,135000,322,https://www.youtube.com/watch?v=uRfZf3mJDTo,Astronomia,Entrevista,479,3399
Lan√ßamento ao vivo: Parker Solar Probe (Lan√ßamento adiado),Ci√™ncia e Astronomia,135000,6929,https://www.youtube.com/watch?v=dfALxV5mapg,Astronomia,Vlog,499,4498
Redbull Can you make it - Team Galo Veio [ Brazil 2018 ],Ci√™ncia e Astronomia,135000,81,https://www.youtube.com/watch?v=nw8HYNdsqyk,Outro,Outro,675,1706
Minuto da Astronomia: E se o sol parasse de produzir energia?,Ci√™ncia e Astronomia,135000,75,https://www.youtube.com/watch?v=_RTIFaiMg5E,Astronomia,Ensaio,810,5576
As dificuldades de um astronauta,Ci√™ncia e Astronomia,135000,229,https://www.youtube.com/watch?v=ZTalazzc-oE,Astronomia,Vlog,815,7123
CeA #113: A live do fim do Mundo #SQ√ë #MaisUma,Ci√™ncia e Astronomia,135000,3080,https://www.youtube.com/watch?v=sbo21mzG5D4,Astronomia,Vlog,817,2888
E esse tal de Planeta X/Nibiru/Herc√≥bulus? √â o fim do mundo?,Ci√™ncia e Astronomia,135000,221,https://www.youtube.com/watch?v=5gUVimotq-w,Astronomia,Vlog,818,13664
"Cometas, asteroides, meteoros e meteoritos. Qual a diferen√ßa?",Ci√™ncia e Astronomia,135000,196,https://www.youtube.com/watch?v=o1elGxj1K3M,Astronomia,Vlog,820,9192
O Planeta Terra (S√©rie do Sistema Solar),Ci√™ncia e Astronomia,135000,133,https://www.youtube.com/watch?v=wWmUGui1WxI,Astronomia,Vlog,822,4020
SONS DO SISTEMA SOLAR EM 360¬∫!,Guru da Ci√™ncia,145000,263,https://www.youtube.com/watch?v=LVI55mSmXo4,Astronomia,Ensaio,932,1408800
INTELIG√äNCIA ARTIFICIAL resolvendo um cubo m√°gico GIGANTE!,Guru da Ci√™ncia,145000,1346,https://www.youtube.com/watch?v=9HG45nykx00,Computa√ß√£o,Ensaio,879,1154159
ENTRANDO EM UM BURACO NEGRO! (360¬∫),Guru da Ci√™ncia,145000,182,https://www.youtube.com/watch?v=Un-WjxdjtRc,Astronomia,Ensaio,1265,1036163
Por que Plut√£o deixou de ser um planeta?,Guru da Ci√™ncia,145000,246,https://www.youtube.com/watch?v=TvAOcMgQxRk,Astronomia,Ensaio,2284,439800
CONVERSA entre duas INTELIG√äNCIAS ARTIFICIAIS!,Guru da Ci√™ncia,145000,214,https://www.youtube.com/watch?v=8ufRJ28M70I,Computa√ß√£o,Ensaio,1119,380699
O que √© a quarta dimens√£o?,Guru da Ci√™ncia,145000,165,https://www.youtube.com/watch?v=eVfkSHkN3sc,F√≠sica,Ensaio,1400,325488
A regra dos 5 segundos √© real?,Guru da Ci√™ncia,145000,321,https://www.youtube.com/watch?v=0aaJ_5o1N4k,Biologia,Ensaio,1019,234255
Como funciona a Organiza√ß√£o das Na√ß√µes Unidas (ONU)?,Guru da Ci√™ncia,145000,438,https://www.youtube.com/watch?v=SomD6r_a5ac,Pol√≠tica,Ensaio,1035,203745
estudando pra prova mais dif√≠cil do meu curso...,Guru da Ci√™ncia,145000,585,https://www.youtube.com/watch?v=VPN8iWjfXKk,Outro,Vlog,78,203921
UM CUBO COM TODAS AS CORES?,Guru da Ci√™ncia,145000,341,https://www.youtube.com/watch?v=TOlqbwLIKRg,F√≠sica,Ensaio,1065,190255
Caf√©: um v√≠cio ben√©fico?,Guru da Ci√™ncia,145000,97,https://www.youtube.com/watch?v=xOGM7TGvC8k,Hist√≥ria,Ensaio,2617,12163
Votar em branco ou em nulo: qual a diferen√ßa?,Guru da Ci√™ncia,145000,49,https://www.youtube.com/watch?v=e1yx96wlVJM,Pol√≠tica,Ensaio,2610,10844
Turismo Espacial,Guru da Ci√™ncia,145000,61,https://www.youtube.com/watch?v=ITwasGyXzps,Astronomia,Ensaio,2606,4794
Um mundo igual para todos?,Guru da Ci√™ncia,145000,81,https://www.youtube.com/watch?v=vS6JkPiEcKg,Pol√≠tica,Ensaio,2602,3101
Como criar um CPF,Guru da Ci√™ncia,145000,85,https://www.youtube.com/watch?v=ErzeMkoxZpY,Matem√°tica,Ensaio,2600,69635
Como medir a velocidade da luz,Guru da Ci√™ncia,145000,91,https://www.youtube.com/watch?v=a8vf1Y-V838,F√≠sica,Ensaio,2573,35186
Como calcular seu IMC,Guru da Ci√™ncia,145000,36,https://www.youtube.com/watch?v=JvmAJW3nVs4,F√≠sica,Ensaio,2506,17669
O Impost√¥metro,Guru da Ci√™ncia,145000,116,https://www.youtube.com/watch?v=YXOuyX4M3Wg,Pol√≠tica,Ensaio,2345,3679
A primeira lei de Newton - Lei da In√©rcia,Guru da Ci√™ncia,145000,130,https://www.youtube.com/watch?v=C_j9MHT82q8,F√≠sica,Ensaio,2323,176679
A segunda lei de Newton - O princ√≠pio fundamental da din√¢mica,Guru da Ci√™ncia,145000,72,https://www.youtube.com/watch?v=IreeoDK2PRg,F√≠sica,Ensaio,2317,133269
passamos 24 HORAS estudando,Guru da Ci√™ncia,145000,565,https://www.youtube.com/watch?v=mr2RG3Bm6gE,Outro,Vlog,138,72217
Como √© estudar CI√äNCIA DA COMPUTA√á√ÉO na ALEMANHA? üá©üá™,Guru da Ci√™ncia,145000,1014,https://www.youtube.com/watch?v=eVR5BFeerHg,Computa√ß√£o,Vlog,184,123378
COMPLEXIDADE de ALGORITMOS no MINECRAFT!,Guru da Ci√™ncia,145000,517,https://www.youtube.com/watch?v=5LQNW3XKJUA,Computa√ß√£o,Ensaio,192,115639
"O Sol, a nossa estrela viva.",Guru da Ci√™ncia,145000,1484,https://www.youtube.com/watch?v=jhAym1qoo-s,Astronomia,Ensaio,227,13486
RESPONDENDO PERGUNTAS ft. Matem√°tica Rio!,Guru da Ci√™ncia,145000,682,https://www.youtube.com/watch?v=7pyQoNs9m-E,Outro,Vlog,239,27613
HACKEEI os computadores da minha UNIVERSIDADE? üë®üèª‚Äçüíª,Guru da Ci√™ncia,145000,636,https://www.youtube.com/watch?v=CmbkB893u78,Computa√ß√£o,Vlog,282,114354
Como criar um emoji üëåüíØüî•,Guru da Ci√™ncia,145000,487,https://www.youtube.com/watch?v=9_txUjThUXY,Computa√ß√£o,Ensaio,479,53668
Como visitar as estrelas... sem sair da Terra,Guru da Ci√™ncia,145000,268,https://www.youtube.com/watch?v=Dn70CylH57k,Astronomia,Ensaio,563,23559
MARTE: O PLANETA VERMELHO EM 360¬∫!,Guru da Ci√™ncia,145000,690,https://www.youtube.com/watch?v=7kSm291X_ho,Astronomia,Ensaio,574,56546
INTELIG√äNCIA ARTIFICIAL aprende a FALAR com MINHA VOZ!,Guru da Ci√™ncia,145000,293,https://www.youtube.com/watch?v=4Wue2H9V_Ko,Computa√ß√£o,Ensaio,590,44862
O que √© o Gato de Schr√∂dinger? | Minuto da F√≠sica,Minuto da F√≠sica,117000,118,https://www.youtube.com/watch?v=ndZl7L_ciAQ,F√≠sica,Draw,2334,428746
√â melhor andar ou correr na chuva? | Minuto da F√≠sica,Minuto da F√≠sica,117000,122,https://www.youtube.com/watch?v=Dld8WBqAH2g,F√≠sica,Draw,2341,236967
Erros comuns na F√≠sica! | Minuto da F√≠sica,Minuto da F√≠sica,117000,174,https://www.youtube.com/watch?v=OBSF3_KUn5w,F√≠sica,Draw,2265,200322
Voc√™ conhece o Paradoxo de Simpson em estat√≠stica? | Minuto da F√≠sica,Minuto da F√≠sica,117000,281,https://www.youtube.com/watch?v=FBsVRJVA0ro,F√≠sica,Draw,275,158466
Como ultrapassar a velocidade da luz,Minuto da F√≠sica,117000,93,https://www.youtube.com/watch?v=Y7_RPVJdauY,F√≠sica,Draw,2348,149687
COMO VER SEM √ìCULOS,Minuto da F√≠sica,117000,181,https://www.youtube.com/watch?v=M-py4t4zi24,F√≠sica,Draw,1966,144781
Pr√™mio Nobel de 2012: Como vemos a luz?,Minuto da F√≠sica,117000,166,https://www.youtube.com/watch?v=kZ6SupDE_AY,F√≠sica,Draw,2319,124921
QU√ÉO DISTANTE √â UM SEGUNDO?,Minuto da F√≠sica,117000,106,https://www.youtube.com/watch?v=M42nzPiseuk,F√≠sica,Draw,1960,112436
E=mc¬≤ est√° Incompleta,Minuto da F√≠sica,117000,137,https://www.youtube.com/watch?v=E5_RH3h-0eE,F√≠sica,Draw,2370,110772
O que √© a Gravidade?,Minuto da F√≠sica,117000,119,https://www.youtube.com/watch?v=J8MzNTbQmfQ,F√≠sica,Draw,2049,107450
O Som do Hidrog√™nio,Minuto da F√≠sica,117000,75,https://www.youtube.com/watch?v=0BEbhsc109A,F√≠sica,Draw,2374,61604
Prova Sem Palavras: O C√≠rculo,Minuto da F√≠sica,117000,80,https://www.youtube.com/watch?v=6QUvwUAXTu4,F√≠sica,Draw,2368,57509
O que √© o Fogo?,Minuto da F√≠sica,117000,104,https://www.youtube.com/watch?v=_VkxCtf0yKk,F√≠sica,Draw,2362,93677
O Que √© uma Dimens√£o? Em 3D... e 2D... e 1D,Minuto da F√≠sica,117000,92,https://www.youtube.com/watch?v=xo2W9_f2zEA,F√≠sica,Draw,2355,103098
Como Contar o Infinito,Minuto da F√≠sica,117000,142,https://www.youtube.com/watch?v=co1WTsKedR4,F√≠sica,Draw,2307,104317
O que √© um Neutrino?,Minuto da F√≠sica,117000,108,https://www.youtube.com/watch?v=arr33nt1wsU,F√≠sica,Draw,2273,79759
Como somar AL√âM do infinito? (cuidado: matem√°tica envolvida!),Minuto da F√≠sica,117000,71,https://www.youtube.com/watch?v=ZWwmvPFEs3M,F√≠sica,Draw,2255,40291
V√≠deo do YouTube vs O Universo,Minuto da F√≠sica,117000,73,https://www.youtube.com/watch?v=Hvf1LbVRFQA,F√≠sica,Draw,2245,29650
Domesticando o Infinito,Minuto da F√≠sica,117000,128,https://www.youtube.com/watch?v=GCkHigwDgyI,F√≠sica,Draw,2242,66151
Arco-√çris explicado em dez segundos,Minuto da F√≠sica,117000,26,https://www.youtube.com/watch?v=UQGxdb4-S6A,F√≠sica,Draw,2181,43301
O homem que corrigiu EINSTEIN! | Minuto da F√≠sica,Minuto da F√≠sica,117000,362,https://www.youtube.com/watch?v=-HwRqoJN1UA,F√≠sica,Draw,60,42985
Por que alguns dias N√ÉO tem 24 horas? | Minuto da F√≠sica,Minuto da F√≠sica,117000,278,https://www.youtube.com/watch?v=5WULzHol9Qg,F√≠sica,Draw,81,25082
Como construir um fosso de lava! (com xkcd) | Minuto da F√≠sica,Minuto da F√≠sica,117000,306,https://www.youtube.com/watch?v=k_ZrFAK52is,F√≠sica,Draw,88,31655
Qual foi o maior ERRO de EINSTEIN? | Minuto da F√≠sica,Minuto da F√≠sica,117000,467,https://www.youtube.com/watch?v=MORwTy5EapY,F√≠sica,Draw,109,36834
Como √© poss√≠vel o Algoritmo de Shor fatorizar 314191? | Minuto da F√≠sica,Minuto da F√≠sica,117000,388,https://www.youtube.com/watch?v=9PgFqnOCscA,F√≠sica,Draw,116,8217
Como computadores qu√¢nticos quebram a criptografia (Algoritmo de Shor Explicado),Minuto da F√≠sica,117000,1198,https://www.youtube.com/watch?v=jA2FxG95iU8,F√≠sica,Draw,150,48236
Por que as latas de ar comprimido ficam T√ÉO frias? | Minuto da F√≠sica,Minuto da F√≠sica,117000,376,https://www.youtube.com/watch?v=U14Cr9z4hN0,F√≠sica,Draw,163,32887
Por que o c√©u n√£o √© roxo? | Minuto da F√≠sica,Minuto da F√≠sica,117000,211,https://www.youtube.com/watch?v=UvyLPkh2oBs,F√≠sica,Draw,170,18893
Por que √© importante ser curioso? | Minuto da F√≠sica,Minuto da F√≠sica,117000,227,https://www.youtube.com/watch?v=ydTdRHM2j_8,F√≠sica,Draw,177,10888
Como Se TELETRANSPORTAR com a ajuda de ALIENS! | Minuto da F√≠sica,Minuto da F√≠sica,117000,229,https://www.youtube.com/watch?v=lVBCI78ksVo,F√≠sica,Draw,217,10405
A dif√≠cil vida do macho entre as hienas | Minuto da Terra,Minuto da Terra,358000,170,https://www.youtube.com/watch?v=Wixa0uwPT7Q,Biologia,Draw,868,1800056
Como os urubus comem carne podre e n√£o adoecem? | Minuto da Terra,Minuto da Terra,358000,135,https://www.youtube.com/watch?v=o2YB_nH6KZs,Biologia,Draw,1274,1456075
Por que alguns animais comem seus filhotes? | Minuto da Terra,Minuto da Terra,358000,141,https://www.youtube.com/watch?v=gWvXNEi-c6k,Biologia,Draw,1144,1242413
Por que as hienas f√™meas t√™m p√™nis? | Minuto da Terra,Minuto da Terra,358000,202,https://www.youtube.com/watch?v=PQJdo2Y65ps,Biologia,Draw,799,1150393
Beb√™s fazem coc√¥ e xixi na barriga da m√£e? | Minuto da Terra,Minuto da Terra,358000,133,https://www.youtube.com/watch?v=fq_SdkC9EMc,Biologia,Draw,1508,1108836
Por que o Tiranossauro Rex tinha bra√ßos t√£o pequenos? | Minuto da Terra,Minuto da Terra,358000,167,https://www.youtube.com/watch?v=eeN0jgfHM-w,Biologia,Draw,1012,987083
Por que mulas n√£o conseguem ter filhotes? | Minuto da Terra,Minuto da Terra,358000,150,https://www.youtube.com/watch?v=TQlYHUhCWSc,Biologia,Draw,1179,909974
Machos vs. f√™meas: a guerra dos sexos | Minuto da Terra,Minuto da Terra,358000,175,https://www.youtube.com/watch?v=7sjs7G_Cu2U,Biologia,Draw,1239,887774
A terr√≠vel invas√£o da Formiga-louca Amarela! | Minuto da Terra,Minuto da Terra,358000,237,https://www.youtube.com/watch?v=KP6XcKtvgAY,Biologia,Draw,1370,680226
Pra onde os p√°ssaros v√£o entre o outono e a primavera? | Minuto da Terra,Minuto da Terra,358000,194,https://www.youtube.com/watch?v=I9vuJ4uRuuc,Biologia,Draw,1419,658345
A hist√≥ria do nosso planeta | Minuto da Terra,Minuto da Terra,358000,162,https://www.youtube.com/watch?v=eK2IO1h-fl4,Biologia,Draw,2318,151523
Por que as folhas s√£o verdes? (Parte 1) | Minuto da Terra,Minuto da Terra,358000,166,https://www.youtube.com/watch?v=_3XYPMvO6Ng,Biologia,Draw,2256,88752
Por que as folhas s√£o verdes? (Parte 2) | Minuto da Terra,Minuto da Terra,358000,172,https://www.youtube.com/watch?v=chxcTDiTBNM,Biologia,Draw,2245,54298
Qu√£o altas as montanhas podem ser? | Minuto da Terra,Minuto da Terra,358000,144,https://www.youtube.com/watch?v=ZCjx5EWGRD0,Biologia,Draw,2242,125169
Por que a Terra tem desertos? | Minuto da Terra,Minuto da Terra,358000,176,https://www.youtube.com/watch?v=QSJffqcTflw,Biologia,Draw,2220,95553
Percevejos. S√©rio?! | Minuto da Terra,Minuto da Terra,358000,161,https://www.youtube.com/watch?v=tdxFYwmVcLg,Biologia,Draw,2138,83144
A hist√≥ria da comida congelada | Minuto da Terra,Minuto da Terra,358000,143,https://www.youtube.com/watch?v=1_b4aI07VNE,Biologia,Draw,1551,111892
Como o FRIO pode QUEIMAR? | Minuto da Terra,Minuto da Terra,358000,110,https://www.youtube.com/watch?v=gETun1rMVYo,Biologia,Draw,1545,51172
400 Partes por Milh√£o: O Maior Experimento do Mundo! | Minuto da Terra,Minuto da Terra,358000,125,https://www.youtube.com/watch?v=TQ7g4mgAbdY,Biologia,Draw,1536,35551
Nossa atmosfera est√° escapando! | Minuto da Terra,Minuto da Terra,358000,143,https://www.youtube.com/watch?v=xENITDPjcPk,Biologia,Draw,1529,65138
Esse sistema de esgoto secreto est√° mudando o mundo! | Minuto da Terra,Minuto da Terra,358000,265,https://www.youtube.com/watch?v=L-Af0Tuzf0k,Biologia,Draw,67,79059
Por que √© T√ÉO dif√≠cil praticar exerc√≠cio f√≠sico? | Minuto da Terra,Minuto da Terra,358000,252,https://www.youtube.com/watch?v=Oy7Gysm58Ek,Biologia,Draw,81,84656
Esse sistema de esgoto secreto est√° mudando o mundo! | Minuto da Terra,Minuto da Terra,358000,243,https://www.youtube.com/watch?v=HiQWypgZQjI,Biologia,Draw,88,96046
Por que nos comportamos como animais na internet? | Minuto da Terra,Minuto da Terra,358000,260,https://www.youtube.com/watch?v=K0kFNO6KDkg,Biologia,Draw,108,64140
Por que observar bact√©rias com SAT√âLITES √© T√ÉO importante? | Minuto da Terra,Minuto da Terra,358000,289,https://www.youtube.com/watch?v=JG1y7QWwagQ,Biologia,Draw,122,77229
A bact√©ria que deu origem a vida voltou para nos matar! | Minuto da Terra,Minuto da Terra,358000,248,https://www.youtube.com/watch?v=0g9tV2XHVi0,Biologia,Draw,129,131475
A grande ironia por tr√°s do ar condicionado! | Minuto da Terra,Minuto da Terra,358000,272,https://www.youtube.com/watch?v=vFemy0UYY7E,Biologia,Draw,143,121606
Por que abandonar ALGUNS dos seus sonhos √© algo BOM? | Minuto da Terra,Minuto da Terra,358000,196,https://www.youtube.com/watch?v=GSei-cM2Kto,Biologia,Draw,149,46566
O que fazer quando seu filho n√£o quer ir pra escola? | Minuto da Terra,Minuto da Terra,358000,213,https://www.youtube.com/watch?v=IWDrQhiBGM4,Biologia,Draw,156,67733
Qu√£o inteligente √© a intelig√™ncia artificial? | Minuto da Terra,Minuto da Terra,358000,269,https://www.youtube.com/watch?v=sVzsrGM7GiY,Biologia,Draw,163,108882
Como compreender a 4¬™ DIMENS√ÉO espacial? | Ponto em Comum 133,Ponto em Comum,241000,773,https://www.youtube.com/watch?v=PrPyGs0Hrmo,F√≠sica,Vlog,543,456568
O fim acidental do MAIS VELHO organismo do mundo,Ponto em Comum,241000,1178,https://www.youtube.com/watch?v=fcNO61CVTzg,Biologia,Vlog,145,424596
Estalar as Juntas Faz Mal? | Ep. 40,Ponto em Comum,241000,382,https://www.youtube.com/watch?v=fPbCkgSQp5w,Biologia,Vlog,1187,344930
CACHORROS N√ÉO EXISTEM,Ponto em Comum,241000,1145,https://www.youtube.com/watch?v=MPOF218tbGw,Biologia,Vlog,97,285590
Por que BANANAS v√£o DESAPARECER?,Ponto em Comum,241000,901,https://www.youtube.com/watch?v=5lUUMO2cv6c,Biologia,Vlog,199,283421
"""Yanny ou Laurel"" √© uma ilus√£o sonora? A Ci√™ncia Explica!",Ponto em Comum,241000,148,https://www.youtube.com/watch?v=nzxDtcxGDD8,Biologia,Vlog,584,274611
Como a Energia Nuclear Funciona? | Ep. 45,Ponto em Comum,241000,451,https://www.youtube.com/watch?v=T6uOxjQbjEc,F√≠sica,Vlog,1152,227646
o FOGO na GRAVIDADE ZERO: o que acontece?,Ponto em Comum,241000,745,https://www.youtube.com/watch?v=gBlHuSZzaSg,F√≠sica,Vlog,193,181793
Desbloquear sua for√ßa sobre humana com a mente √© poss√≠vel? | Ep. 103,Ponto em Comum,241000,494,https://www.youtube.com/watch?v=MEg7pwR41us,Biologia,Vlog,751,175384
De Qu√£o Alto Podemos Cair e Sobreviver? | Ep. 37,Ponto em Comum,241000,417,https://www.youtube.com/watch?v=jSnXF8qw7bA,Biologia,Vlog,1207,159892
Podemos Viver para Sempre? | Ep. Piloto,Ponto em Comum,241000,421,https://www.youtube.com/watch?v=ootnaYcHYhU,Biologia,Vlog,1545,27088
Por Que N√£o Devemos Colocar Metais no Micro-ondas? | Ep. 20,Ponto em Comum,241000,281,https://www.youtube.com/watch?v=-5ZdZBqvIgg,F√≠sica,Vlog,1324,123043
Como Energia Solar √© Convertida em Eletricidade? | Ep. 29,Ponto em Comum,241000,379,https://www.youtube.com/watch?v=TCQhdAHOSIk,F√≠sica,Vlog,1262,156314
Como Ar Condicionados Funcionam? | Ep. 41,Ponto em Comum,241000,399,https://www.youtube.com/watch?v=IlZpbrcSDuY,F√≠sica,Vlog,1180,157023
Como o Grafeno Vai Mudar a Sua Vida? | Ep. 46,Ponto em Comum,241000,461,https://www.youtube.com/watch?v=7hrjdZCYgTE,Qu√≠mica,Vlog,1145,116587
Como Golfinhos Dormem Sem se Afogar? | Ep. 47,Ponto em Comum,241000,413,https://www.youtube.com/watch?v=vKLFpzKKmcg,Biologia,Vlog,1139,132161
O Que o Estresse Causa no Seu C√©rebro? (Feat. Andr√© Rabelo) | Ep. 49,Ponto em Comum,241000,442,https://www.youtube.com/watch?v=MV-rwpOr_eA,Biologia,Vlog,1125,104422
O Que E=mc¬≤ Significa? | Ep. 54,Ponto em Comum,241000,411,https://www.youtube.com/watch?v=FRX63cCdFeU,F√≠sica,Vlog,1090,158829
Por Que Gatos S√£o T√£o Estranhos? | Ep. 72,Ponto em Comum,241000,519,https://www.youtube.com/watch?v=vG0zx2WgGkA,Biologia,Vlog,964,104546
Por Que N√£o Curamos o C√¢ncer Ainda? | Ep. 73,Ponto em Comum,241000,475,https://www.youtube.com/watch?v=bnpBgfHujd8,Biologia,Vlog,957,124290
VOC√ä √© um PEIXE,Ponto em Comum,241000,792,https://www.youtube.com/watch?v=BdWeOsAWqz8,Biologia,Vlog,42,74503
1 DIA na terra dura 50 HORAS,Ponto em Comum,241000,884,https://www.youtube.com/watch?v=HBWCwC_kWGo,F√≠sica,Vlog,49,151211
por que PISCINAS est√£o com C0C√î?,Ponto em Comum,241000,770,https://www.youtube.com/watch?v=84umxY8xMjg,Biologia,Vlog,56,55487
qual o CHEIRO do ESPA√áO?,Ponto em Comum,241000,1051,https://www.youtube.com/watch?v=EHJmrf_3e2Q,Astronomia,Vlog,62,116300
como GATOS veem o mundo?,Ponto em Comum,241000,819,https://www.youtube.com/watch?v=1dohl-GeYIk,Biologia,Vlog,69,127272
voc√™ est√° COMENDO INSETOS SEM SABER,Ponto em Comum,241000,965,https://www.youtube.com/watch?v=qcCXCiwXUV0,Biologia,Vlog,76,74573
REM√âDIOS que N√ÉO FUNCIONAM,Ponto em Comum,241000,861,https://www.youtube.com/watch?v=PS0O1nWk0c4,Biologia,Vlog,83,71271
SMARTPHONES vs IDA √Ä LUA,Ponto em Comum,241000,1423,https://www.youtube.com/watch?v=AOFqgD4Ay6A,Astronomia,Vlog,90,138159
por que a CI√äNCIA est√° FALHANDO?,Ponto em Comum,241000,994,https://www.youtube.com/watch?v=HOjK1z8J364,Opini√£o,Vlog,104,124200
como ele SALVOU uma esp√©cie SOZINHO?,Ponto em Comum,241000,1395,https://www.youtube.com/watch?v=Cte0dJDfRSY,Biologia,Vlog,111,80692
A Terra √© Mesmo Redonda? | Primata Falante,Primata Falante,124000,1191,https://www.youtube.com/watch?v=IpzQZn3uVjA,F√≠sica,Vlog,1540,185995
A Gravidade N√£o √© o que Voc√™ Pensa | Relatividade #07,Primata Falante,124000,912,https://www.youtube.com/watch?v=1vcYaSGhYZ0,F√≠sica,Vlog,1312,158224
O que N√ÉO √â a F√≠sica Qu√¢ntica | Primata Falante,Primata Falante,124000,1247,https://www.youtube.com/watch?v=4rNI2esH1EE,F√≠sica,Vlog,1533,133153
√â Mais R√°pido Voar Para Oeste? | Primata Falante,Primata Falante,124000,813,https://www.youtube.com/watch?v=7RhzEgnaeqI,F√≠sica,Vlog,1271,121368
Dicas Para Estudantes | Primata Falante,Primata Falante,124000,559,https://www.youtube.com/watch?v=a34JufeloAg,F√≠sica,Vlog,1711,103590
A F√≠sica Qu√¢ntica Prova que seu Pensamento Muda a Realidade? | Primata Falante,Primata Falante,124000,889,https://www.youtube.com/watch?v=xbc0Y3Ok6Gk,F√≠sica,Vlog,1416,103130
Por Que Carl Sagan √© Insubstitu√≠vel | O Mundo Assombrado Pelos Dem√¥nios #01,Primata Falante,124000,994,https://www.youtube.com/watch?v=WNUWBcyQyxA,F√≠sica,Vlog,1127,100481
"Voc√™ √© burro, cara! | Primata Falante",Primata Falante,124000,383,https://www.youtube.com/watch?v=UeeW_k-4svw,Opini√£o,Vlog,1574,93447
O Observador Define a Realidade? (A Sobreposi√ß√£o Qu√¢ntica) | Desmistificando a F√≠sica Qu√¢ntica #02,Primata Falante,124000,1724,https://www.youtube.com/watch?v=YKOo6bZ9nx4,F√≠sica,Vlog,294,93568
Minha Experi√™ncia no Curso de F√≠sica | Primata Falante,Primata Falante,124000,907,https://www.youtube.com/watch?v=CW0T4DiQDGA,F√≠sica,Vlog,1257,92776
A Ci√™ncia e a Pol√≠tica do Vestido | Primata Falante,Primata Falante,124000,252,https://www.youtube.com/watch?v=nis2bfsdMQk,F√≠sica,Vlog,1742,6463
7 Passos para Detectar Not√≠cias Falsas | Primata Falante,Primata Falante,124000,777,https://www.youtube.com/watch?v=WH8VUa8c7xE,Outro,Vlog,1732,22129
O Pa√≠s da Pirra√ßa | Primata Falante,Primata Falante,124000,748,https://www.youtube.com/watch?v=B1g3mozEayc,Opini√£o,Vlog,1726,12211
"Achei Ofensivo, Apaga! | Primata Falante",Primata Falante,124000,434,https://www.youtube.com/watch?v=Cb24NFB9YwA,Opini√£o,Vlog,1718,12393
"Quem √© Melhor, Ci√™ncia ou Filosofia? | Primata Falante",Primata Falante,124000,678,https://www.youtube.com/watch?v=Hpb3BHXuJP8,Opini√£o,Vlog,1705,27908
A Filosofia N√£o Serve pra Nada | Primata Falante,Primata Falante,124000,558,https://www.youtube.com/watch?v=G5gYurOFDF8,Filosofia,Vlog,1677,47546
O Ateu que Queimou a B√≠blia | Primata Falante,Primata Falante,124000,501,https://www.youtube.com/watch?v=2L4D6vvkgSI,Religi√£o,Vlog,1649,53918
"Charlie, Charlie, Feito por um C√©tico | Primata Falante",Primata Falante,124000,347,https://www.youtube.com/watch?v=1o9wSFizLjA,Outro,Vlog,1643,9541
"Jesus, os Crist√£os e os Homossexuais | Primata Falante",Primata Falante,124000,636,https://www.youtube.com/watch?v=kgSvvEa3mSw,Religi√£o,Vlog,1636,40442
"Quem √© ""A CI√äNCIA""? | Primata Falante",Primata Falante,124000,776,https://www.youtube.com/watch?v=O35kZpqnywk,Outro,Vlog,1629,23659
Depress√£o e suic√≠dio: informa√ß√µes e minha hist√≥ria,Primata Falante,124000,2360,https://www.youtube.com/watch?v=QS_K-6O5S7Y,Opini√£o,Vlog,89,18636
Respondendo Perguntas sobre F√≠sica e a Vida | Fala que eu te Ignoro #01,Primata Falante,124000,1279,https://www.youtube.com/watch?v=OwiauRi98Fg,Opini√£o,Vlog,126,13107
Um Papo Sobre Depress√£o,Primata Falante,124000,1410,https://www.youtube.com/watch?v=Dm9_cMiIRWc,Opini√£o,Vlog,210,23201
* O Acidente que Deu √† Luz a F√≠sica Qu√¢ntica | Desmistificando a F√≠sica Qu√¢ntica #01.a,Primata Falante,124000,196,https://www.youtube.com/watch?v=-BDFVyniENI,F√≠sica,Vlog,413,17404
A Rebeldia dos El√©trons | Desmistificando a F√≠sica Qu√¢ntica #01,Primata Falante,124000,1706,https://www.youtube.com/watch?v=8A8TE5JbqJA,F√≠sica,Vlog,417,92013
O Ass√©dio na Copa do Mundo e no Brasil,Primata Falante,124000,826,https://www.youtube.com/watch?v=mgcP5b5iVGg,Opini√£o,Vlog,542,15207
Apoie o Primata Falante!,Primata Falante,124000,505,https://www.youtube.com/watch?v=BmcmxPc1SPs,Outro,Vlog,572,4102
LHC - Como Funciona um Acelerador de Part√≠culas | Primata Falante,Primata Falante,124000,1771,https://www.youtube.com/watch?v=iTQLpDsVz7c,F√≠sica,Vlog,576,55012
Youtube: O Novo Sonho Americano,Primata Falante,124000,956,https://www.youtube.com/watch?v=XH9VyMmQrSw,Outro,Vlog,606,13903
"Rob√¥s, Intelig√™ncias Artificiais M√©dicas e Captchas (com Peixe Babel)",Primata Falante,124000,946,https://www.youtube.com/watch?v=WKHNEiO48Ns,Computa√ß√£o,Vlog,615,12666
Cinema e Hist√≥ria Ep.2: C√≠rculo de Fogo e Stalingrado,Xadrez Verbal,128000,1928,https://www.youtube.com/watch?v=ECGzQknF-ew,Hist√≥ria,Vlog,1675,233996
Os Curdos,Xadrez Verbal,128000,406,https://www.youtube.com/watch?v=hDD_Lyb_M8U,Hist√≥ria,Vlog,1938,168492
"Direita e Esquerda: Quando, o qu√™ e onde voc√™ est√°?",Xadrez Verbal,128000,1139,https://www.youtube.com/watch?v=ynXjXdC7uvo,Hist√≥ria,Vlog,1501,145017
"Tiradentes e a ""mentira"" de alguns livros: a Hist√≥ria como ci√™ncia",Xadrez Verbal,128000,1046,https://www.youtube.com/watch?v=9AZsvLf1DJ0,Hist√≥ria,Vlog,1687,140862
Como √© fazer faculdade de Hist√≥ria - Para curiosos e indecisos - Pt.1,Xadrez Verbal,128000,1127,https://www.youtube.com/watch?v=csUegWIA-J0,Hist√≥ria,Vlog,1570,121115
Idade M√©dia: quando come√ßou e quando acabou?,Xadrez Verbal,128000,1231,https://www.youtube.com/watch?v=fA0mrh7Jhc0,Hist√≥ria,Vlog,1536,101320
Hist√≥ria do Xadrez,Xadrez Verbal,128000,683,https://www.youtube.com/watch?v=6mBrbZSheuo,Hist√≥ria,Vlog,1819,93550
O que voc√™ precisa saber para entender o Brexit,Xadrez Verbal,128000,1891,https://www.youtube.com/watch?v=Uk7z6bXjeNU,Hist√≥ria,Vlog,1255,86798
Como funciona a estrutura da Organiza√ß√£o das Na√ß√µes Unidas?,Xadrez Verbal,128000,1782,https://www.youtube.com/watch?v=UmSPW1EQzoo,Hist√≥ria,Vlog,1524,86564
Judeus na Alemanha antes do nazismo,Xadrez Verbal,128000,272,https://www.youtube.com/watch?v=Fop1o1CCwcQ,Hist√≥ria,Vlog,1767,77444
XadrezVerbal em breve...,Xadrez Verbal,128000,7,https://www.youtube.com/watch?v=omCVlf8FFPI,Outro,Outro,2047,1080
Ucr√¢nia,Xadrez Verbal,128000,718,https://www.youtube.com/watch?v=PX0sjuurGGY,Hist√≥ria,Vlog,2034,11702
Nova Guerra Fria?,Xadrez Verbal,128000,659,https://www.youtube.com/watch?v=LMPb_6Z3sok,Hist√≥ria,Vlog,2027,12057
Armas Nucleares,Xadrez Verbal,128000,535,https://www.youtube.com/watch?v=YiEXjqK4Zg8,Hist√≥ria,Vlog,2020,7097
Copa e as elei√ß√µes,Xadrez Verbal,128000,433,https://www.youtube.com/watch?v=OCJs4qO-ARk,Pol√≠tica,Vlog,2013,1727
"Dilma, SUS e o aborto",Xadrez Verbal,128000,307,https://www.youtube.com/watch?v=LSqE67aOnU0,Pol√≠tica,Vlog,2007,2680
Imigrantes Haitianos,Xadrez Verbal,128000,426,https://www.youtube.com/watch?v=1z2TsLw0uZk,Hist√≥ria,Vlog,2000,8971
Machado de Assis - 175 Anos,Xadrez Verbal,128000,286,https://www.youtube.com/watch?v=qsJPtqCuNsY,Hist√≥ria,Vlog,1986,3254
For√ßa Expedicion√°ria Brasileira,Xadrez Verbal,128000,338,https://www.youtube.com/watch?v=meO1eHpHJDs,Hist√≥ria,Vlog,1972,5345
Sociedade brasileira e o esporte,Xadrez Verbal,128000,248,https://www.youtube.com/watch?v=88lvsIWBrs0,Sociologia,Vlog,1965,2537
Elei√ß√µes Espanha (√© tetra) - Xadrez Verbal Podcast,Xadrez Verbal,128000,1726,https://www.youtube.com/watch?v=ShW9Jo-uBgE,Pol√≠tica,√Åudio,40,611
C√∫pula dos BRICS - Xadrez Verbal Podcast,Xadrez Verbal,128000,3735,https://www.youtube.com/watch?v=GskQL_I6HjA,Pol√≠tica,√Åudio,41,1170
Giro de Not√≠cias #212 - Xadrez Verbal Podcast,Xadrez Verbal,128000,1241,https://www.youtube.com/watch?v=1zhY0r0LGao,Pol√≠tica,√Åudio,42,900
Bol√≠via - Xadrez Verbal Podcast,Xadrez Verbal,128000,4670,https://www.youtube.com/watch?v=WY99-i1_vms,Pol√≠tica,√Åudio,43,2151
"Xadrez Verbal #212 ‚Äì Espanha, BRICS e Bol√≠via",Xadrez Verbal,128000,13343,https://www.youtube.com/watch?v=bUi5ERdnRz8,Pol√≠tica,√Åudio,43,5102
√Åsia - Xadrez Verbal Podcast,Xadrez Verbal,128000,1621,https://www.youtube.com/watch?v=e2tz54d18Mg,Pol√≠tica,√Åudio,47,1064
Europa - Xadrez Verbal Podcast,Xadrez Verbal,128000,2809,https://www.youtube.com/watch?v=SSSOLmWtzK4,Pol√≠tica,√Åudio,48,950
Am√©rica Latina - Xadrez Verbal Podcast,Xadrez Verbal,128000,3259,https://www.youtube.com/watch?v=3GwhtUURC_M,Pol√≠tica,√Åudio,49,2932
Giro de Not√≠cias #211 - Xadrez Verbal Podcast,Xadrez Verbal,128000,1769,https://www.youtube.com/watch?v=4Mh1m8JLXMk,Pol√≠tica,√Åudio,49,762
Xadrez Verbal Podcast #211 - Um giro de not√≠cias pelo mundo,Xadrez Verbal,128000,10969,https://www.youtube.com/watch?v=vP0o6PHDTdA,Pol√≠tica,√Åudio,50,5370
